user_id,age_group,gender,city,state,subscription_plan,signup_date,total_sessions,total_watch_minutes,avg_watch_minutes_per_session,completed_sessions
U1001,26-35,Male,Delhi,Delhi,Free,2025-12-06,21,969,46.14,13
U1002,18-25,Female,Chennai,Tamil Nadu,VIP,2025-06-09,7,210,30.0,5
U1003,18-25,Male,Chennai,Tamil Nadu,Free,2025-07-21,12,372,31.0,6
U1004,26-35,Female,Bengaluru,Karnataka,Free,2025-08-11,8,536,67.0,4
U1005,36-45,Male,Pune,Maharashtra,VIP,2025-08-27,11,630,57.27,6
U1006,18-25,Male,Pune,Maharashtra,Free,2025-09-06,28,1026,36.64,10
U1007,18-25,Female,Hyderabad,Telangana,Premium,2025-12-04,2,90,45.0,1
U1008,26-35,Male,Lucknow,Uttar Pradesh,Free,2025-08-15,7,180,25.71,2
U1009,36-45,Female,Ahmedabad,Gujarat,VIP,2025-11-28,6,311,51.83,5
U1010,18-25,Female,Pune,Maharashtra,Premium,2026-01-05,6,295,49.17,5
U1011,18-25,Male,Delhi,Delhi,VIP,2025-09-02,24,1228,51.17,16
U1012,18-25,Male,Hyderabad,Telangana,VIP,2025-11-22,23,955,41.52,11
U1013,26-35,Female,Mumbai,Maharashtra,VIP,2025-07-12,6,289,48.17,5
U1014,26-35,Male,Lucknow,Uttar Pradesh,VIP,2025-07-27,5,165,33.0,3
U1015,26-35,Female,Pune,Maharashtra,Free,2025-06-09,27,886,32.81,10
U1016,36-45,Male,Mumbai,Maharashtra,Premium,2025-10-24,12,495,41.25,8
U1017,36-45,Male,Hyderabad,Telangana,Free,2026-01-21,12,374,31.17,5
U1018,26-35,Male,Mumbai,Maharashtra,VIP,2025-10-16,3,127,42.33,1
U1019,18-25,Female,Jaipur,Rajasthan,Free,2025-07-27,12,329,27.42,5
U1020,46+,Male,Chennai,Tamil Nadu,VIP,2026-01-07,2,84,42.0,2
U1021,18-25,Female,Pune,Maharashtra,Free,2025-06-17,22,599,27.23,5
U1022,18-25,Female,Bengaluru,Karnataka,Free,2025-10-20,12,614,51.17,7
U1023,36-45,Male,Kolkata,West Bengal,VIP,2025-10-16,27,1129,41.81,14
U1024,36-45,Female,Bengaluru,Karnataka,Free,2025-07-11,11,299,27.18,4
U1025,26-35,Female,Jaipur,Rajasthan,Free,2025-10-07,4,49,12.25,0
U1026,36-45,Male,Mumbai,Maharashtra,VIP,2026-01-02,6,137,22.83,1
U1027,26-35,Female,Mumbai,Maharashtra,VIP,2025-10-17,7,250,35.71,4
U1028,46+,Female,Lucknow,Uttar Pradesh,VIP,2025-10-04,25,1072,42.88,14
U1029,18-25,Female,Jaipur,Rajasthan,Premium,2025-08-18,4,110,27.5,1
U1030,18-25,Male,Chennai,Tamil Nadu,Free,2025-12-05,20,892,44.6,9
U1031,26-35,Male,Pune,Maharashtra,VIP,2025-07-03,4,78,19.5,2
U1032,26-35,Female,Mumbai,Maharashtra,VIP,2025-11-03,3,46,15.33,1
U1033,26-35,Male,Chennai,Tamil Nadu,VIP,2025-07-22,16,725,45.31,6
U1034,26-35,Male,Hyderabad,Telangana,Free,2026-01-17,17,853,50.18,8
U1035,26-35,Male,Delhi,Delhi,Free,2025-10-29,8,285,35.63,3
U1036,26-35,Female,Mumbai,Maharashtra,VIP,2025-06-16,7,343,49.0,4
U1037,18-25,Female,Ahmedabad,Gujarat,Free,2025-07-31,7,224,32.0,1
U1038,18-25,Male,Chennai,Tamil Nadu,VIP,2026-01-12,26,919,35.35,12
U1039,26-35,Male,Pune,Maharashtra,Premium,2025-07-19,4,186,46.5,3
U1040,18-25,Female,Bengaluru,Karnataka,Free,2026-01-08,15,496,33.07,6
U1041,26-35,Female,Patna,Bihar,Free,2025-09-12,17,902,53.06,11
U1042,26-35,Female,Mumbai,Maharashtra,Free,2025-10-16,6,262,43.67,3
U1043,26-35,Male,Delhi,Delhi,Free,2026-01-23,16,458,28.63,7
U1044,18-25,Female,Ahmedabad,Gujarat,Free,2025-11-14,10,473,47.3,5
U1045,46+,Female,Kochi,Kerala,Premium,2026-01-04,5,243,48.6,3
U1046,18-25,Male,Chennai,Tamil Nadu,Premium,2026-01-18,5,312,62.4,3
U1047,18-25,Male,Patna,Bihar,Free,2025-12-18,4,121,30.25,2
U1048,36-45,Male,Kolkata,West Bengal,VIP,2025-12-18,3,187,62.33,1
U1049,26-35,Female,Mumbai,Maharashtra,Free,2025-06-15,24,1027,42.79,12
U1050,26-35,Female,Kolkata,West Bengal,Free,2025-10-28,7,323,46.14,4
U1051,26-35,Female,Chennai,Tamil Nadu,Free,2025-10-09,27,1087,40.26,12
U1052,18-25,Male,Hyderabad,Telangana,VIP,2025-07-31,3,100,33.33,2
U1053,26-35,Female,Chennai,Tamil Nadu,VIP,2025-06-11,14,419,29.93,7
U1054,26-35,Male,Hyderabad,Telangana,VIP,2026-01-26,9,197,21.89,2
U1055,18-25,Female,Delhi,Delhi,Free,2025-07-04,3,79,26.33,1
U1056,26-35,Male,Delhi,Delhi,VIP,2025-06-19,6,218,36.33,4
U1057,18-25,Female,Chennai,Tamil Nadu,Free,2025-10-16,7,117,16.71,1
U1058,18-25,Male,Lucknow,Uttar Pradesh,Premium,2026-01-12,17,470,27.65,9
U1059,18-25,Male,Bengaluru,Karnataka,VIP,2025-08-17,15,509,33.93,5
U1060,26-35,Other,Hyderabad,Telangana,Free,2025-12-27,13,641,49.31,7
U1061,26-35,Female,Mumbai,Maharashtra,Premium,2025-08-07,26,1217,46.81,12
U1062,18-25,Male,Chennai,Tamil Nadu,Free,2025-11-02,3,214,71.33,3
U1063,18-25,Male,Kolkata,West Bengal,Premium,2025-10-08,1,8,8.0,0
U1064,26-35,Female,Ahmedabad,Gujarat,Free,2025-09-17,8,223,27.88,1
U1065,36-45,Male,Delhi,Delhi,Free,2025-08-07,29,1315,45.34,16
U1066,18-25,Male,Kolkata,West Bengal,VIP,2025-06-29,5,226,45.2,3
U1067,18-25,Female,Jaipur,Rajasthan,VIP,2025-12-31,28,968,34.57,15
U1068,18-25,Female,Bengaluru,Karnataka,Free,2025-09-02,16,463,28.94,4
U1069,36-45,Female,Ahmedabad,Gujarat,Premium,2025-07-24,26,1031,39.65,15
U1070,26-35,Female,Bengaluru,Karnataka,VIP,2026-01-10,8,531,66.38,7
U1071,26-35,Female,Mumbai,Maharashtra,Premium,2026-01-08,13,415,31.92,8
U1072,18-25,Female,Mumbai,Maharashtra,Free,2025-07-16,7,137,19.57,1
U1073,26-35,Male,Lucknow,Uttar Pradesh,Premium,2026-01-08,4,119,29.75,2
U1074,26-35,Male,Mumbai,Maharashtra,VIP,2025-09-06,5,97,19.4,1
U1075,36-45,Female,Delhi,Delhi,Premium,2025-09-26,2,51,25.5,2
U1076,18-25,Female,Jaipur,Rajasthan,Free,2025-11-16,6,247,41.17,3
U1077,18-25,Male,Ahmedabad,Gujarat,Premium,2025-08-11,5,434,86.8,5
U1078,18-25,Male,Hyderabad,Telangana,Premium,2025-08-24,5,322,64.4,2
U1079,46+,Male,Kochi,Kerala,Free,2025-08-07,14,372,26.57,4
U1080,18-25,Female,Bengaluru,Karnataka,VIP,2025-09-20,6,138,23.0,2
U1081,26-35,Male,Bengaluru,Karnataka,VIP,2025-08-05,2,35,17.5,1
U1082,18-25,Male,Chennai,Tamil Nadu,Premium,2025-11-23,17,649,38.18,8
U1083,26-35,Female,Hyderabad,Telangana,Free,2025-06-18,4,264,66.0,3
U1084,46+,Female,Hyderabad,Telangana,VIP,2025-07-02,12,488,40.67,9
U1085,26-35,Male,Delhi,Delhi,Free,2025-09-12,18,607,33.72,7
U1086,26-35,Female,Delhi,Delhi,VIP,2025-09-06,9,411,45.67,5
U1087,26-35,Female,Hyderabad,Telangana,Free,2025-10-19,13,632,48.62,10
U1088,36-45,Male,Delhi,Delhi,VIP,2025-11-03,7,134,19.14,1
U1089,26-35,Male,Bengaluru,Karnataka,Free,2025-09-30,3,116,38.67,2
U1090,36-45,Female,Kolkata,West Bengal,VIP,2025-08-12,2,73,36.5,2
U1091,26-35,Female,Delhi,Delhi,Premium,2025-12-10,26,898,34.54,14
U1092,18-25,Male,Pune,Maharashtra,Free,2025-06-12,8,546,68.25,5
U1093,18-25,Male,Ahmedabad,Gujarat,Free,2025-09-15,11,456,41.45,4
U1094,36-45,Female,Kolkata,West Bengal,Free,2025-09-11,5,78,15.6,2
U1095,18-25,Female,Mumbai,Maharashtra,VIP,2025-12-15,4,157,39.25,0
U1096,36-45,Female,Delhi,Delhi,Premium,2025-11-26,4,254,63.5,3
U1097,26-35,Male,Delhi,Delhi,Premium,2025-09-25,28,1116,39.86,16
U1098,18-25,Male,Chennai,Tamil Nadu,VIP,2025-08-21,5,153,30.6,0
U1099,46+,Female,Hyderabad,Telangana,VIP,2025-10-08,13,585,45.0,5
U1100,26-35,Female,Bengaluru,Karnataka,Free,2026-01-07,3,126,42.0,1
U1101,26-35,Male,Delhi,Delhi,VIP,2025-12-14,27,842,31.19,8
U1102,36-45,Male,Delhi,Delhi,Free,2025-11-30,14,464,33.14,4
U1103,18-25,Male,Delhi,Delhi,VIP,2025-07-06,8,360,45.0,4
U1104,18-25,Male,Mumbai,Maharashtra,Free,2025-09-15,9,375,41.67,3
U1105,26-35,Female,Bengaluru,Karnataka,Free,2025-09-16,17,751,44.18,8
U1106,18-25,Female,Lucknow,Uttar Pradesh,Free,2026-01-12,5,146,29.2,1
U1107,36-45,Male,Mumbai,Maharashtra,Free,2025-12-10,6,191,31.83,5
U1108,18-25,Female,Ahmedabad,Gujarat,VIP,2025-12-06,23,1193,51.87,13
U1109,26-35,Female,Delhi,Delhi,Free,2025-09-20,8,339,42.38,1
U1110,26-35,Male,Hyderabad,Telangana,VIP,2025-12-03,10,432,43.2,4
U1111,18-25,Male,Mumbai,Maharashtra,VIP,2025-06-07,27,1163,43.07,18
U1112,46+,Female,Hyderabad,Telangana,Free,2025-09-18,7,222,31.71,2
U1113,18-25,Male,Mumbai,Maharashtra,Free,2025-07-25,5,74,14.8,0
U1114,26-35,Male,Jaipur,Rajasthan,Free,2025-12-30,20,712,35.6,9
U1115,26-35,Female,Bengaluru,Karnataka,VIP,2025-06-14,16,740,46.25,11
U1116,46+,Male,Hyderabad,Telangana,VIP,2025-11-14,3,102,34.0,3
U1117,18-25,Male,Delhi,Delhi,Premium,2025-11-07,24,974,40.58,15
U1118,18-25,Male,Hyderabad,Telangana,VIP,2025-07-26,16,515,32.19,6
U1119,26-35,Male,Bengaluru,Karnataka,VIP,2025-12-09,3,74,24.67,2
U1120,26-35,Female,Mumbai,Maharashtra,Free,2025-10-27,6,360,60.0,6
U1121,18-25,Male,Hyderabad,Telangana,Premium,2025-09-10,9,442,49.11,7
U1122,46+,Male,Hyderabad,Telangana,Premium,2025-08-02,7,260,37.14,2
U1123,18-25,Female,Ahmedabad,Gujarat,VIP,2025-07-01,16,608,38.0,8
U1124,36-45,Female,Mumbai,Maharashtra,VIP,2025-11-17,5,161,32.2,0
U1125,18-25,Male,Bengaluru,Karnataka,Premium,2025-12-28,7,307,43.86,5
U1126,26-35,Male,Bengaluru,Karnataka,Premium,2025-09-26,11,342,31.09,7
U1127,26-35,Male,Kolkata,West Bengal,Premium,2025-08-09,31,1210,39.03,16
U1128,26-35,Female,Pune,Maharashtra,VIP,2025-12-29,16,683,42.69,8
U1129,26-35,Male,Ahmedabad,Gujarat,Premium,2025-06-23,2,41,20.5,0
U1130,18-25,Male,Kolkata,West Bengal,VIP,2025-11-19,4,121,30.25,2
U1131,18-25,Male,Ahmedabad,Gujarat,Free,2025-07-25,3,95,31.67,1
U1132,18-25,Male,Delhi,Delhi,VIP,2026-01-12,1,23,23.0,1
U1133,18-25,Male,Lucknow,Uttar Pradesh,Free,2025-12-02,8,279,34.88,5
U1134,26-35,Female,Delhi,Delhi,VIP,2025-11-30,6,351,58.5,4
U1135,26-35,Female,Mumbai,Maharashtra,Free,2025-11-25,24,875,36.46,8
U1136,18-25,Female,Bengaluru,Karnataka,VIP,2025-08-28,4,311,77.75,3
U1137,26-35,Female,Delhi,Delhi,VIP,2025-08-09,13,480,36.92,9
U1138,18-25,Male,Kolkata,West Bengal,Free,2025-12-08,13,536,41.23,5
U1139,26-35,Female,Delhi,Delhi,Free,2025-10-02,5,185,37.0,2
U1140,18-25,Female,Pune,Maharashtra,VIP,2025-06-26,4,92,23.0,1
U1141,36-45,Male,Bengaluru,Karnataka,Free,2025-11-29,17,625,36.76,7
U1142,26-35,Male,Kochi,Kerala,VIP,2025-11-26,4,69,17.25,1
U1143,46+,Female,Kolkata,West Bengal,Free,2025-06-04,2,137,68.5,2
U1144,26-35,Male,Bengaluru,Karnataka,Free,2025-06-14,26,744,28.62,13
U1145,18-25,Female,Mumbai,Maharashtra,Free,2025-10-04,9,232,25.78,3
U1146,18-25,Female,Mumbai,Maharashtra,Free,2025-10-23,16,484,30.25,3
U1147,46+,Male,Delhi,Delhi,VIP,2025-09-15,4,132,33.0,2
U1148,26-35,Female,Delhi,Delhi,VIP,2025-09-24,5,174,34.8,1
U1149,46+,Male,Hyderabad,Telangana,Free,2025-10-24,25,887,35.48,14
U1150,26-35,Female,Kolkata,West Bengal,Premium,2025-07-24,5,145,29.0,2
U1151,26-35,Male,Mumbai,Maharashtra,Free,2025-10-20,8,413,51.63,2
U1152,18-25,Male,Bengaluru,Karnataka,VIP,2025-08-14,5,260,52.0,3
U1153,18-25,Male,Delhi,Delhi,Premium,2025-06-19,17,681,40.06,11
U1154,26-35,Female,Pune,Maharashtra,VIP,2025-11-17,3,122,40.67,2
U1155,36-45,Male,Mumbai,Maharashtra,Free,2025-07-09,8,403,50.38,4
U1156,46+,Female,Mumbai,Maharashtra,Free,2025-08-18,5,153,30.6,4
U1157,26-35,Female,Lucknow,Uttar Pradesh,Free,2025-09-28,25,803,32.12,11
U1158,26-35,Female,Lucknow,Uttar Pradesh,VIP,2025-10-05,7,229,32.71,3
U1159,26-35,Female,Jaipur,Rajasthan,VIP,2025-11-02,6,390,65.0,2
U1160,18-25,Male,Kochi,Kerala,Premium,2025-10-26,4,132,33.0,1
U1161,26-35,Male,Pune,Maharashtra,Premium,2025-10-26,4,97,24.25,2
U1162,18-25,Female,Bengaluru,Karnataka,VIP,2026-01-21,7,137,19.57,1
U1163,18-25,Other,Bengaluru,Karnataka,Premium,2025-06-24,5,320,64.0,4
U1164,26-35,Male,Delhi,Delhi,Free,2025-07-12,5,61,12.2,1
U1165,18-25,Female,Delhi,Delhi,Premium,2025-12-26,3,78,26.0,1
U1166,36-45,Male,Mumbai,Maharashtra,Free,2025-06-30,22,652,29.64,5
U1167,46+,Male,Chennai,Tamil Nadu,Premium,2025-11-16,3,120,40.0,2
U1168,36-45,Male,Mumbai,Maharashtra,VIP,2025-11-07,3,40,13.33,1
U1169,36-45,Female,Kolkata,West Bengal,Free,2025-10-19,28,956,34.14,11
U1170,18-25,Male,Jaipur,Rajasthan,VIP,2025-06-08,4,164,41.0,1
U1171,46+,Female,Delhi,Delhi,Free,2025-10-20,7,120,17.14,3
U1172,18-25,Male,Delhi,Delhi,Premium,2025-06-30,2,18,9.0,0
U1173,26-35,Male,Ahmedabad,Gujarat,VIP,2025-12-01,1,11,11.0,0
U1174,18-25,Female,Bengaluru,Karnataka,VIP,2025-09-29,9,319,35.44,6
U1175,18-25,Female,Bengaluru,Karnataka,Premium,2025-10-09,12,314,26.17,6
U1176,26-35,Male,Mumbai,Maharashtra,VIP,2026-01-05,6,110,18.33,0
U1177,26-35,Female,Chennai,Tamil Nadu,Premium,2025-08-12,2,141,70.5,1
U1178,26-35,Female,Chennai,Tamil Nadu,VIP,2026-01-08,36,1623,45.08,21
U1179,18-25,Female,Bengaluru,Karnataka,VIP,2025-10-18,5,117,23.4,2
U1180,18-25,Female,Ahmedabad,Gujarat,Premium,2025-08-01,1,38,38.0,1
U1181,26-35,Male,Pune,Maharashtra,Free,2025-12-08,13,438,33.69,4
U1182,26-35,Female,Bengaluru,Karnataka,Premium,2025-12-20,8,217,27.13,4
U1183,36-45,Other,Chennai,Tamil Nadu,Free,2025-10-07,10,298,29.8,3
U1184,46+,Male,Mumbai,Maharashtra,Premium,2025-06-26,2,66,33.0,1
U1185,26-35,Male,Kolkata,West Bengal,Free,2025-11-15,3,220,73.33,2
U1186,46+,Male,Pune,Maharashtra,Free,2025-11-07,4,106,26.5,2
U1187,26-35,Female,Ahmedabad,Gujarat,Premium,2026-01-06,13,715,55.0,7
U1188,26-35,Female,Hyderabad,Telangana,Premium,2025-10-03,6,172,28.67,3
U1189,36-45,Male,Mumbai,Maharashtra,VIP,2026-01-22,6,236,39.33,4
U1190,18-25,Male,Mumbai,Maharashtra,Premium,2025-12-12,7,174,24.86,2
U1191,26-35,Female,Bengaluru,Karnataka,VIP,2026-01-18,21,894,42.57,10
U1192,18-25,Male,Mumbai,Maharashtra,Free,2025-09-19,11,401,36.45,6
U1193,18-25,Female,Chennai,Tamil Nadu,VIP,2025-07-14,3,253,84.33,3
U1194,18-25,Female,Bengaluru,Karnataka,VIP,2025-10-06,6,173,28.83,3
U1195,46+,Male,Bengaluru,Karnataka,Free,2025-08-05,9,404,44.89,3
U1196,26-35,Female,Bengaluru,Karnataka,Free,2025-10-18,8,281,35.13,4
U1197,18-25,Male,Bengaluru,Karnataka,VIP,2025-11-11,5,114,22.8,2
U1198,46+,Female,Bengaluru,Karnataka,Free,2025-09-07,9,219,24.33,3
U1199,36-45,Male,Bengaluru,Karnataka,Free,2025-08-15,6,95,15.83,1
U1200,46+,Male,Kochi,Kerala,VIP,2025-08-10,6,206,34.33,1
U1201,18-25,Female,Pune,Maharashtra,Premium,2026-01-20,9,282,31.33,5
U1202,26-35,Male,Jaipur,Rajasthan,Free,2025-12-22,3,98,32.67,0
U1203,18-25,Female,Delhi,Delhi,Free,2025-08-04,19,730,38.42,7
U1204,26-35,Female,Hyderabad,Telangana,Premium,2025-11-08,10,396,39.6,5
U1205,18-25,Female,Mumbai,Maharashtra,VIP,2025-06-09,0,0,0.0,0
U1206,26-35,Female,Mumbai,Maharashtra,Free,2025-12-09,6,200,33.33,3
U1207,26-35,Male,Pune,Maharashtra,Premium,2025-09-02,4,170,42.5,2
U1208,26-35,Female,Ahmedabad,Gujarat,Free,2025-12-29,4,95,23.75,2
U1209,46+,Female,Delhi,Delhi,Premium,2025-12-23,4,285,71.25,2
U1210,18-25,Female,Mumbai,Maharashtra,Premium,2026-01-07,5,156,31.2,2
U1211,26-35,Female,Bengaluru,Karnataka,Premium,2025-10-21,15,503,33.53,6
U1212,18-25,Female,Mumbai,Maharashtra,VIP,2025-09-25,17,885,52.06,9
U1213,18-25,Female,Delhi,Delhi,Free,2025-11-11,18,697,38.72,8
U1214,46+,Male,Delhi,Delhi,Free,2026-01-13,5,197,39.4,4
U1215,46+,Male,Hyderabad,Telangana,VIP,2025-11-10,4,97,24.25,2
U1216,36-45,Female,Delhi,Delhi,Free,2025-07-06,1,22,22.0,0
U1217,18-25,Male,Patna,Bihar,Free,2025-07-31,10,361,36.1,5
U1218,36-45,Male,Bengaluru,Karnataka,VIP,2025-12-08,8,248,31.0,2
U1219,26-35,Female,Hyderabad,Telangana,VIP,2026-01-13,5,93,18.6,1
U1220,26-35,Male,Chennai,Tamil Nadu,Free,2025-08-11,9,473,52.56,4
U1221,18-25,Male,Bengaluru,Karnataka,Premium,2026-01-05,4,178,44.5,2
U1222,18-25,Other,Bengaluru,Karnataka,Premium,2025-11-13,4,134,33.5,2
U1223,18-25,Male,Delhi,Delhi,Free,2026-01-04,7,253,36.14,3
U1224,36-45,Male,Delhi,Delhi,VIP,2025-06-06,18,645,35.83,8
U1225,18-25,Male,Patna,Bihar,VIP,2025-07-23,16,748,46.75,10
U1226,18-25,Female,Delhi,Delhi,Free,2026-01-09,5,148,29.6,2
U1227,18-25,Female,Pune,Maharashtra,VIP,2025-08-10,11,582,52.91,9
U1228,36-45,Male,Mumbai,Maharashtra,Free,2025-07-15,7,200,28.57,2
U1229,18-25,Female,Mumbai,Maharashtra,Free,2025-12-19,13,547,42.08,5
U1230,18-25,Male,Mumbai,Maharashtra,Free,2025-12-07,20,684,34.2,6
U1231,26-35,Male,Mumbai,Maharashtra,Free,2025-09-01,5,208,41.6,2
U1232,26-35,Male,Chennai,Tamil Nadu,Premium,2025-06-12,9,347,38.56,4
U1233,26-35,Female,Hyderabad,Telangana,Free,2025-11-12,6,210,35.0,2
U1234,46+,Male,Bengaluru,Karnataka,Free,2025-11-23,15,502,33.47,7
U1235,18-25,Female,Bengaluru,Karnataka,Premium,2025-08-22,5,281,56.2,2
U1236,26-35,Male,Delhi,Delhi,VIP,2025-10-19,31,1351,43.58,14
U1237,26-35,Male,Hyderabad,Telangana,Free,2025-10-08,2,37,18.5,0
U1238,26-35,Male,Kolkata,West Bengal,Premium,2025-11-14,19,863,45.42,12
U1239,36-45,Female,Ahmedabad,Gujarat,Free,2026-01-14,5,270,54.0,4
U1240,18-25,Male,Bengaluru,Karnataka,Free,2025-06-25,4,126,31.5,2
U1241,18-25,Male,Delhi,Delhi,Premium,2025-11-23,6,146,24.33,3
U1242,46+,Male,Ahmedabad,Gujarat,Free,2025-06-25,6,332,55.33,4
U1243,26-35,Male,Mumbai,Maharashtra,Free,2025-10-22,8,371,46.38,4
U1244,26-35,Female,Bengaluru,Karnataka,Premium,2026-01-27,9,231,25.67,5
U1245,36-45,Female,Kolkata,West Bengal,Premium,2025-11-01,3,173,57.67,1
U1246,18-25,Male,Chennai,Tamil Nadu,Free,2025-10-02,4,194,48.5,2
U1247,18-25,Male,Ahmedabad,Gujarat,Free,2025-12-13,11,335,30.45,1
U1248,18-25,Male,Bengaluru,Karnataka,VIP,2025-12-14,8,321,40.13,4
U1249,36-45,Female,Hyderabad,Telangana,Free,2026-01-24,6,253,42.17,3
U1250,26-35,Female,Mumbai,Maharashtra,Free,2025-12-13,10,258,25.8,3
U1251,18-25,Male,Mumbai,Maharashtra,Premium,2025-10-23,2,82,41.0,2
U1252,26-35,Male,Kolkata,West Bengal,Premium,2025-06-24,4,134,33.5,3
U1253,26-35,Male,Bengaluru,Karnataka,Free,2025-09-03,12,295,24.58,1
U1254,18-25,Male,Lucknow,Uttar Pradesh,VIP,2026-01-13,4,186,46.5,4
U1255,18-25,Male,Hyderabad,Telangana,VIP,2025-08-09,22,597,27.14,4
U1256,26-35,Male,Hyderabad,Telangana,Free,2025-07-26,14,378,27.0,5
U1257,36-45,Male,Bengaluru,Karnataka,Free,2025-11-21,3,67,22.33,1
U1258,26-35,Female,Delhi,Delhi,Free,2025-11-01,2,22,11.0,0
U1259,18-25,Male,Lucknow,Uttar Pradesh,VIP,2025-12-13,3,104,34.67,1
U1260,18-25,Male,Mumbai,Maharashtra,VIP,2025-07-15,6,390,65.0,6
U1261,18-25,Female,Delhi,Delhi,VIP,2025-11-19,9,329,36.56,5
U1262,36-45,Male,Ahmedabad,Gujarat,Free,2025-06-05,8,395,49.38,4
U1263,26-35,Male,Delhi,Delhi,Free,2025-09-12,4,114,28.5,1
U1264,26-35,Male,Mumbai,Maharashtra,Free,2025-08-23,4,113,28.25,1
U1265,18-25,Female,Bengaluru,Karnataka,VIP,2025-09-01,2,58,29.0,1
U1266,18-25,Female,Delhi,Delhi,VIP,2025-10-13,5,215,43.0,1
U1267,18-25,Female,Kolkata,West Bengal,Free,2025-12-17,2,73,36.5,1
U1268,18-25,Male,Mumbai,Maharashtra,VIP,2026-01-18,1,36,36.0,1
U1269,36-45,Male,Kochi,Kerala,VIP,2025-07-08,14,470,33.57,6
U1270,18-25,Male,Delhi,Delhi,VIP,2025-12-12,24,789,32.88,13
U1271,36-45,Male,Kochi,Kerala,VIP,2025-09-27,9,588,65.33,5
U1272,36-45,Female,Bengaluru,Karnataka,Premium,2025-10-23,8,361,45.13,3
U1273,26-35,Other,Delhi,Delhi,Premium,2025-08-20,12,513,42.75,9
U1274,18-25,Male,Bengaluru,Karnataka,Free,2025-08-10,3,69,23.0,1
U1275,26-35,Male,Mumbai,Maharashtra,VIP,2025-06-10,13,467,35.92,6
U1276,18-25,Female,Mumbai,Maharashtra,Premium,2026-01-05,13,615,47.31,9
U1277,18-25,Female,Bengaluru,Karnataka,VIP,2025-12-20,5,250,50.0,2
U1278,26-35,Male,Jaipur,Rajasthan,VIP,2025-07-19,17,728,42.82,8
U1279,18-25,Male,Mumbai,Maharashtra,Free,2025-06-27,2,82,41.0,1
U1280,36-45,Female,Patna,Bihar,Free,2025-11-13,10,256,25.6,4
U1281,18-25,Male,Bengaluru,Karnataka,Free,2025-10-12,17,748,44.0,9
U1282,26-35,Male,Lucknow,Uttar Pradesh,Free,2025-12-16,6,285,47.5,2
U1283,18-25,Female,Pune,Maharashtra,VIP,2025-06-17,17,579,34.06,9
U1284,18-25,Female,Bengaluru,Karnataka,Free,2026-01-05,14,412,29.43,3
U1285,26-35,Female,Jaipur,Rajasthan,Free,2025-10-28,12,535,44.58,6
U1286,26-35,Female,Delhi,Delhi,VIP,2025-11-17,28,909,32.46,14
U1287,18-25,Female,Lucknow,Uttar Pradesh,Free,2025-09-05,2,58,29.0,2
U1288,26-35,Male,Mumbai,Maharashtra,VIP,2025-12-07,9,241,26.78,2
U1289,46+,Female,Mumbai,Maharashtra,VIP,2025-10-09,8,413,51.63,6
U1290,18-25,Male,Delhi,Delhi,Free,2025-12-14,7,162,23.14,3
U1291,26-35,Male,Mumbai,Maharashtra,Free,2026-01-03,6,296,49.33,4
U1292,36-45,Male,Chennai,Tamil Nadu,VIP,2025-10-13,14,560,40.0,7
U1293,18-25,Male,Pune,Maharashtra,Free,2025-09-05,7,226,32.29,3
U1294,18-25,Male,Kolkata,West Bengal,VIP,2026-01-18,16,475,29.69,7
U1295,18-25,Male,Bengaluru,Karnataka,VIP,2025-07-31,13,595,45.77,8
U1296,46+,Female,Kolkata,West Bengal,VIP,2025-07-30,18,548,30.44,6
U1297,26-35,Male,Pune,Maharashtra,VIP,2025-12-31,37,1299,35.11,16
U1298,18-25,Female,Chennai,Tamil Nadu,Free,2025-12-14,5,175,35.0,2
U1299,18-25,Male,Chennai,Tamil Nadu,Premium,2025-12-27,7,355,50.71,4
U1300,18-25,Female,Jaipur,Rajasthan,Free,2025-10-02,6,240,40.0,3
U1301,36-45,Female,Mumbai,Maharashtra,Premium,2026-01-04,20,798,39.9,10
U1302,18-25,Male,Mumbai,Maharashtra,Free,2025-10-10,7,456,65.14,3
U1303,18-25,Male,Lucknow,Uttar Pradesh,Free,2025-09-24,12,618,51.5,6
U1304,36-45,Female,Bengaluru,Karnataka,Free,2025-09-04,9,348,38.67,1
U1305,18-25,Other,Bengaluru,Karnataka,Free,2026-01-25,12,467,38.92,7
U1306,18-25,Female,Delhi,Delhi,Free,2025-06-10,9,295,32.78,1
U1307,18-25,Female,Kolkata,West Bengal,Free,2025-11-28,5,154,30.8,2
U1308,26-35,Female,Jaipur,Rajasthan,Free,2025-07-26,2,31,15.5,0
U1309,36-45,Female,Kolkata,West Bengal,VIP,2025-06-29,4,77,19.25,1
U1310,36-45,Male,Mumbai,Maharashtra,Free,2025-11-11,1,40,40.0,1
U1311,36-45,Male,Mumbai,Maharashtra,Premium,2025-10-31,6,313,52.17,1
U1312,26-35,Female,Chennai,Tamil Nadu,VIP,2025-08-14,28,818,29.21,10
U1313,26-35,Female,Delhi,Delhi,Free,2025-11-18,5,91,18.2,1
U1314,26-35,Female,Bengaluru,Karnataka,Premium,2025-10-18,15,491,32.73,7
U1315,26-35,Other,Chennai,Tamil Nadu,Free,2025-09-29,2,16,8.0,0
U1316,18-25,Male,Bengaluru,Karnataka,VIP,2025-08-31,2,119,59.5,1
U1317,36-45,Male,Kolkata,West Bengal,VIP,2025-12-15,7,445,63.57,6
U1318,26-35,Female,Mumbai,Maharashtra,Free,2025-08-26,5,111,22.2,0
U1319,36-45,Male,Pune,Maharashtra,VIP,2025-11-26,3,112,37.33,2
U1320,26-35,Male,Mumbai,Maharashtra,VIP,2025-09-26,13,559,43.0,8
U1321,18-25,Male,Pune,Maharashtra,Premium,2025-08-20,6,393,65.5,3
U1322,46+,Male,Patna,Bihar,VIP,2025-08-04,5,160,32.0,2
U1323,18-25,Female,Delhi,Delhi,Premium,2025-06-13,12,496,41.33,8
U1324,36-45,Male,Mumbai,Maharashtra,Free,2026-01-14,2,64,32.0,2
U1325,26-35,Male,Kochi,Kerala,Free,2025-07-18,16,670,41.88,9
U1326,26-35,Male,Lucknow,Uttar Pradesh,VIP,2025-12-23,0,0,0.0,0
U1327,18-25,Male,Bengaluru,Karnataka,Premium,2025-07-17,1,12,12.0,0
U1328,26-35,Male,Mumbai,Maharashtra,VIP,2025-08-18,7,232,33.14,3
U1329,26-35,Female,Mumbai,Maharashtra,Free,2025-09-23,9,196,21.78,2
U1330,18-25,Female,Bengaluru,Karnataka,Premium,2025-08-10,14,479,34.21,7
U1331,26-35,Female,Mumbai,Maharashtra,VIP,2025-09-12,29,1043,35.97,13
U1332,18-25,Female,Hyderabad,Telangana,Premium,2025-07-07,8,323,40.38,4
U1333,36-45,Female,Bengaluru,Karnataka,Free,2025-07-31,11,313,28.45,5
U1334,36-45,Male,Bengaluru,Karnataka,VIP,2025-11-02,6,235,39.17,1
U1335,18-25,Male,Bengaluru,Karnataka,Free,2025-06-20,5,134,26.8,2
U1336,26-35,Female,Bengaluru,Karnataka,VIP,2025-08-03,9,266,29.56,2
U1337,46+,Male,Delhi,Delhi,VIP,2026-01-20,6,195,32.5,3
U1338,26-35,Male,Delhi,Delhi,Free,2025-11-04,8,304,38.0,3
U1339,18-25,Female,Chennai,Tamil Nadu,Free,2026-01-05,28,1254,44.79,12
U1340,18-25,Male,Kolkata,West Bengal,Premium,2025-12-25,18,741,41.17,12
U1341,26-35,Female,Delhi,Delhi,Free,2025-06-17,3,107,35.67,2
U1342,26-35,Male,Delhi,Delhi,Free,2025-11-29,5,143,28.6,2
U1343,46+,Female,Pune,Maharashtra,VIP,2025-07-02,5,123,24.6,1
U1344,46+,Female,Delhi,Delhi,VIP,2025-09-01,18,627,34.83,10
U1345,26-35,Male,Pune,Maharashtra,VIP,2025-11-04,23,1169,50.83,10
U1346,36-45,Male,Bengaluru,Karnataka,VIP,2025-10-01,5,236,47.2,2
U1347,26-35,Female,Ahmedabad,Gujarat,Free,2025-08-21,3,189,63.0,2
U1348,26-35,Male,Kolkata,West Bengal,Free,2026-01-11,5,249,49.8,4
U1349,36-45,Female,Hyderabad,Telangana,VIP,2025-07-04,4,180,45.0,1
U1350,26-35,Female,Mumbai,Maharashtra,Free,2025-07-10,3,101,33.67,0
U1351,18-25,Male,Lucknow,Uttar Pradesh,Free,2026-01-27,3,46,15.33,0
U1352,26-35,Male,Mumbai,Maharashtra,Free,2025-10-20,4,125,31.25,0
U1353,18-25,Female,Hyderabad,Telangana,Free,2025-11-12,6,171,28.5,4
U1354,18-25,Female,Mumbai,Maharashtra,VIP,2025-12-02,1,44,44.0,0
U1355,46+,Male,Lucknow,Uttar Pradesh,Free,2026-01-08,19,526,27.68,10
U1356,18-25,Male,Hyderabad,Telangana,VIP,2025-11-14,19,611,32.16,5
U1357,18-25,Female,Hyderabad,Telangana,Free,2026-01-14,23,805,35.0,8
U1358,26-35,Male,Kochi,Kerala,VIP,2025-12-24,3,189,63.0,3
U1359,36-45,Male,Bengaluru,Karnataka,VIP,2025-07-11,2,48,24.0,0
U1360,26-35,Male,Delhi,Delhi,VIP,2025-08-20,7,315,45.0,3
U1361,36-45,Male,Patna,Bihar,Free,2025-09-11,12,480,40.0,5
U1362,18-25,Male,Chennai,Tamil Nadu,Free,2025-09-28,19,569,29.95,7
U1363,18-25,Male,Mumbai,Maharashtra,Free,2025-09-07,7,258,36.86,3
U1364,36-45,Male,Kochi,Kerala,Premium,2025-12-26,4,161,40.25,3
U1365,18-25,Female,Delhi,Delhi,VIP,2025-10-06,12,491,40.92,3
U1366,46+,Male,Jaipur,Rajasthan,VIP,2025-06-24,31,948,30.58,12
U1367,46+,Male,Kochi,Kerala,Free,2025-08-30,5,302,60.4,2
U1368,18-25,Male,Hyderabad,Telangana,Premium,2025-11-20,3,167,55.67,2
U1369,26-35,Female,Ahmedabad,Gujarat,Free,2026-01-12,3,97,32.33,2
U1370,18-25,Male,Bengaluru,Karnataka,Free,2025-06-14,6,227,37.83,2
U1371,26-35,Male,Chennai,Tamil Nadu,Free,2025-10-08,5,147,29.4,2
U1372,26-35,Female,Ahmedabad,Gujarat,VIP,2025-11-04,5,231,46.2,2
U1373,18-25,Female,Bengaluru,Karnataka,VIP,2025-08-26,7,170,24.29,3
U1374,26-35,Male,Mumbai,Maharashtra,VIP,2025-09-11,26,1123,43.19,10
U1375,26-35,Male,Mumbai,Maharashtra,Free,2025-09-30,1,42,42.0,1
U1376,26-35,Male,Jaipur,Rajasthan,Free,2026-01-25,24,915,38.13,7
U1377,26-35,Male,Patna,Bihar,VIP,2025-08-16,2,107,53.5,0
U1378,26-35,Male,Chennai,Tamil Nadu,VIP,2025-10-23,11,495,45.0,7
U1379,18-25,Female,Bengaluru,Karnataka,VIP,2025-09-15,25,1108,44.32,14
U1380,26-35,Female,Kolkata,West Bengal,VIP,2025-06-07,7,299,42.71,4
U1381,26-35,Male,Hyderabad,Telangana,Premium,2025-10-27,11,319,29.0,6
U1382,26-35,Female,Hyderabad,Telangana,Free,2025-11-09,8,207,25.88,3
U1383,26-35,Female,Bengaluru,Karnataka,Premium,2025-08-02,5,274,54.8,4
U1384,18-25,Female,Mumbai,Maharashtra,Free,2025-08-20,0,0,0.0,0
U1385,26-35,Male,Delhi,Delhi,VIP,2025-11-04,8,411,51.38,5
U1386,46+,Female,Kolkata,West Bengal,Free,2025-07-06,28,1454,51.93,14
U1387,26-35,Female,Patna,Bihar,VIP,2025-09-05,8,418,52.25,5
U1388,18-25,Male,Lucknow,Uttar Pradesh,Free,2025-08-30,3,106,35.33,0
U1389,26-35,Female,Kolkata,West Bengal,Premium,2025-08-07,6,288,48.0,4
U1390,26-35,Male,Delhi,Delhi,VIP,2025-07-28,4,89,22.25,2
U1391,46+,Other,Pune,Maharashtra,VIP,2025-11-24,27,1473,54.56,18
U1392,26-35,Male,Bengaluru,Karnataka,Premium,2025-12-21,1,79,79.0,1
U1393,26-35,Male,Chennai,Tamil Nadu,VIP,2026-01-16,2,44,22.0,1
U1394,46+,Female,Kochi,Kerala,Premium,2025-08-14,10,314,31.4,7
U1395,18-25,Female,Mumbai,Maharashtra,Premium,2025-11-15,7,227,32.43,3
U1396,18-25,Male,Delhi,Delhi,VIP,2026-01-25,6,193,32.17,2
U1397,26-35,Male,Mumbai,Maharashtra,VIP,2025-08-01,4,122,30.5,1
U1398,18-25,Female,Chennai,Tamil Nadu,VIP,2025-06-14,3,108,36.0,1
U1399,18-25,Male,Bengaluru,Karnataka,VIP,2025-07-06,6,154,25.67,2
U1400,18-25,Female,Lucknow,Uttar Pradesh,Free,2026-01-26,24,1181,49.21,9
U1401,36-45,Male,Hyderabad,Telangana,VIP,2025-08-13,29,941,32.45,16
U1402,18-25,Female,Jaipur,Rajasthan,Free,2025-10-25,5,195,39.0,3
U1403,18-25,Female,Ahmedabad,Gujarat,Free,2026-01-22,3,75,25.0,0
U1404,18-25,Female,Mumbai,Maharashtra,Premium,2026-01-01,3,51,17.0,1
U1405,18-25,Male,Lucknow,Uttar Pradesh,Premium,2026-01-24,12,636,53.0,7
U1406,18-25,Male,Delhi,Delhi,VIP,2026-01-24,7,188,26.86,3
U1407,46+,Male,Patna,Bihar,VIP,2025-10-05,8,304,38.0,6
U1408,36-45,Male,Chennai,Tamil Nadu,Free,2025-12-25,9,362,40.22,9
U1409,18-25,Male,Bengaluru,Karnataka,Free,2025-07-18,12,377,31.42,7
U1410,18-25,Male,Delhi,Delhi,VIP,2025-07-20,4,121,30.25,1
U1411,18-25,Female,Jaipur,Rajasthan,Premium,2025-10-10,3,37,12.33,1
U1412,18-25,Male,Mumbai,Maharashtra,Premium,2025-10-01,12,382,31.83,6
U1413,18-25,Male,Delhi,Delhi,Free,2025-12-10,8,376,47.0,4
U1414,18-25,Male,Hyderabad,Telangana,VIP,2025-08-06,3,136,45.33,2
U1415,26-35,Female,Mumbai,Maharashtra,Free,2025-08-18,12,446,37.17,4
U1416,18-25,Female,Lucknow,Uttar Pradesh,Premium,2025-12-15,7,343,49.0,6
U1417,18-25,Male,Lucknow,Uttar Pradesh,Free,2025-11-05,1,26,26.0,0
U1418,18-25,Female,Bengaluru,Karnataka,VIP,2025-11-03,7,342,48.86,4
U1419,18-25,Female,Lucknow,Uttar Pradesh,VIP,2025-12-23,5,146,29.2,2
U1420,26-35,Male,Delhi,Delhi,VIP,2026-01-10,6,284,47.33,4
U1421,36-45,Female,Chennai,Tamil Nadu,Free,2026-01-21,2,102,51.0,1
U1422,26-35,Male,Chennai,Tamil Nadu,VIP,2025-10-25,8,320,40.0,4
U1423,26-35,Male,Ahmedabad,Gujarat,Free,2025-11-22,1,4,4.0,0
U1424,18-25,Female,Mumbai,Maharashtra,VIP,2025-12-25,13,613,47.15,9
U1425,18-25,Male,Bengaluru,Karnataka,VIP,2025-10-22,19,1011,53.21,12
U1426,26-35,Female,Kolkata,West Bengal,Free,2025-12-27,26,1163,44.73,15
U1427,18-25,Male,Mumbai,Maharashtra,Free,2025-11-27,6,80,13.33,0
U1428,18-25,Other,Lucknow,Uttar Pradesh,Free,2026-01-26,8,189,23.63,2
U1429,26-35,Male,Mumbai,Maharashtra,Free,2025-11-12,19,573,30.16,6
U1430,46+,Female,Bengaluru,Karnataka,Premium,2025-09-06,28,999,35.68,13
U1431,26-35,Female,Bengaluru,Karnataka,Free,2025-11-17,4,104,26.0,1
U1432,36-45,Male,Ahmedabad,Gujarat,Free,2025-10-16,29,773,26.66,9
U1433,18-25,Male,Kochi,Kerala,Premium,2025-12-11,8,290,36.25,2
U1434,18-25,Male,Hyderabad,Telangana,VIP,2025-10-15,10,487,48.7,4
U1435,18-25,Male,Bengaluru,Karnataka,Free,2025-07-19,14,414,29.57,4
U1436,46+,Female,Mumbai,Maharashtra,Premium,2025-09-16,10,244,24.4,5
U1437,26-35,Female,Jaipur,Rajasthan,Free,2025-06-18,5,216,43.2,3
U1438,18-25,Male,Hyderabad,Telangana,VIP,2025-06-13,11,404,36.73,1
U1439,18-25,Male,Bengaluru,Karnataka,VIP,2025-12-11,2,97,48.5,1
U1440,36-45,Male,Chennai,Tamil Nadu,Free,2025-12-26,4,367,91.75,3
U1441,46+,Female,Chennai,Tamil Nadu,VIP,2025-12-27,10,404,40.4,7
U1442,18-25,Male,Mumbai,Maharashtra,VIP,2025-07-27,12,409,34.08,5
U1443,26-35,Male,Chennai,Tamil Nadu,VIP,2025-12-06,11,295,26.82,4
U1444,46+,Female,Bengaluru,Karnataka,VIP,2025-08-28,30,935,31.17,14
U1445,46+,Female,Pune,Maharashtra,Free,2025-09-15,14,613,43.79,6
U1446,26-35,Male,Delhi,Delhi,VIP,2025-08-01,6,321,53.5,3
U1447,36-45,Male,Kolkata,West Bengal,Premium,2026-01-21,7,278,39.71,5
U1448,18-25,Male,Bengaluru,Karnataka,VIP,2025-09-08,13,557,42.85,7
U1449,18-25,Male,Hyderabad,Telangana,Premium,2026-01-03,8,462,57.75,5
U1450,18-25,Female,Ahmedabad,Gujarat,Free,2025-09-05,35,919,26.26,10
U1451,26-35,Female,Jaipur,Rajasthan,Free,2025-12-12,2,68,34.0,1
U1452,26-35,Female,Delhi,Delhi,Free,2026-01-19,2,46,23.0,0
U1453,18-25,Female,Mumbai,Maharashtra,Premium,2025-12-07,5,354,70.8,3
U1454,18-25,Other,Bengaluru,Karnataka,Free,2025-11-02,13,459,35.31,4
U1455,26-35,Male,Delhi,Delhi,Free,2025-08-12,10,419,41.9,4
U1456,18-25,Female,Bengaluru,Karnataka,Free,2025-10-10,5,126,25.2,1
U1457,36-45,Male,Pune,Maharashtra,VIP,2025-12-12,9,268,29.78,4
U1458,36-45,Female,Bengaluru,Karnataka,Free,2025-10-23,3,72,24.0,2
U1459,36-45,Female,Mumbai,Maharashtra,VIP,2025-10-28,7,261,37.29,4
U1460,26-35,Male,Mumbai,Maharashtra,Free,2025-09-06,10,502,50.2,4
U1461,26-35,Male,Chennai,Tamil Nadu,Premium,2025-08-26,31,1205,38.87,13
U1462,18-25,Female,Kochi,Kerala,VIP,2025-10-04,6,141,23.5,2
U1463,26-35,Female,Bengaluru,Karnataka,Free,2025-10-18,13,440,33.85,7
U1464,26-35,Female,Chennai,Tamil Nadu,VIP,2025-06-16,8,289,36.13,5
U1465,26-35,Female,Mumbai,Maharashtra,Premium,2025-06-13,29,1220,42.07,17
U1466,36-45,Male,Ahmedabad,Gujarat,Free,2025-11-29,22,896,40.73,12
U1467,18-25,Male,Bengaluru,Karnataka,Free,2025-11-11,24,931,38.79,10
U1468,26-35,Female,Chennai,Tamil Nadu,VIP,2025-06-02,5,138,27.6,3
U1469,26-35,Male,Mumbai,Maharashtra,VIP,2025-10-16,36,1305,36.25,16
U1470,46+,Male,Pune,Maharashtra,VIP,2025-12-24,4,136,34.0,2
U1471,46+,Male,Lucknow,Uttar Pradesh,VIP,2025-08-01,21,881,41.95,11
U1472,18-25,Female,Pune,Maharashtra,Free,2025-09-10,5,245,49.0,3
U1473,18-25,Female,Bengaluru,Karnataka,Free,2025-11-26,6,188,31.33,3
U1474,18-25,Female,Ahmedabad,Gujarat,VIP,2026-01-06,5,244,48.8,4
U1475,26-35,Male,Bengaluru,Karnataka,Free,2025-09-30,5,303,60.6,4
U1476,18-25,Male,Mumbai,Maharashtra,VIP,2025-09-20,6,90,15.0,1
U1477,26-35,Male,Kochi,Kerala,Premium,2026-01-16,6,248,41.33,3
U1478,26-35,Male,Delhi,Delhi,Premium,2026-01-14,5,193,38.6,3
U1479,26-35,Male,Lucknow,Uttar Pradesh,VIP,2025-08-11,10,418,41.8,6
U1480,36-45,Female,Mumbai,Maharashtra,Premium,2025-08-20,7,216,30.86,4
U1481,18-25,Male,Mumbai,Maharashtra,Premium,2025-12-28,5,204,40.8,4
U1482,18-25,Male,Mumbai,Maharashtra,Free,2025-12-31,9,266,29.56,5
U1483,36-45,Female,Chennai,Tamil Nadu,Free,2025-12-07,15,724,48.27,5
U1484,18-25,Other,Kolkata,West Bengal,VIP,2025-08-28,1,49,49.0,1
U1485,18-25,Male,Ahmedabad,Gujarat,Free,2025-12-14,6,176,29.33,3
U1486,26-35,Female,Kochi,Kerala,Free,2025-11-10,8,397,49.63,5
U1487,18-25,Other,Chennai,Tamil Nadu,Free,2026-01-27,10,179,17.9,1
U1488,18-25,Male,Hyderabad,Telangana,Free,2025-12-15,3,67,22.33,1
U1489,26-35,Female,Kolkata,West Bengal,Free,2025-07-10,4,176,44.0,2
U1490,18-25,Female,Mumbai,Maharashtra,Free,2025-09-01,5,223,44.6,2
U1491,18-25,Male,Delhi,Delhi,Free,2025-08-09,6,270,45.0,3
U1492,18-25,Male,Bengaluru,Karnataka,VIP,2025-10-10,9,237,26.33,4
U1493,26-35,Male,Bengaluru,Karnataka,Free,2025-11-01,3,174,58.0,2
U1494,36-45,Female,Mumbai,Maharashtra,Free,2025-12-17,9,207,23.0,2
U1495,18-25,Female,Jaipur,Rajasthan,Premium,2025-10-25,14,356,25.43,5
U1496,26-35,Female,Mumbai,Maharashtra,Free,2025-08-08,4,59,14.75,1
U1497,26-35,Male,Bengaluru,Karnataka,Free,2025-10-02,6,267,44.5,1
U1498,36-45,Male,Lucknow,Uttar Pradesh,VIP,2025-10-05,5,226,45.2,3
U1499,26-35,Male,Mumbai,Maharashtra,Free,2025-09-10,7,194,27.71,4
U1500,18-25,Female,Pune,Maharashtra,Free,2025-08-25,2,57,28.5,1
U1501,26-35,Female,Hyderabad,Telangana,VIP,2025-08-16,8,160,20.0,3
U1502,18-25,Female,Delhi,Delhi,Free,2025-09-10,15,844,56.27,7
U1503,46+,Male,Kolkata,West Bengal,VIP,2025-10-26,5,158,31.6,4
U1504,36-45,Male,Delhi,Delhi,VIP,2025-09-02,28,1229,43.89,16
U1505,18-25,Female,Hyderabad,Telangana,VIP,2025-11-22,10,543,54.3,6
U1506,36-45,Male,Kolkata,West Bengal,Premium,2025-07-24,23,715,31.09,9
U1507,26-35,Male,Kolkata,West Bengal,Premium,2025-12-21,19,882,46.42,6
U1508,36-45,Female,Mumbai,Maharashtra,Free,2025-08-04,3,213,71.0,2
U1509,26-35,Female,Pune,Maharashtra,Free,2025-11-01,14,710,50.71,7
U1510,26-35,Male,Chennai,Tamil Nadu,Premium,2025-11-25,5,158,31.6,3
U1511,26-35,Male,Kochi,Kerala,VIP,2025-12-25,9,270,30.0,4
U1512,26-35,Female,Mumbai,Maharashtra,VIP,2025-11-16,28,985,35.18,14
U1513,26-35,Male,Hyderabad,Telangana,VIP,2025-11-13,3,176,58.67,2
U1514,26-35,Male,Kolkata,West Bengal,Premium,2025-09-19,16,602,37.63,8
U1515,18-25,Male,Delhi,Delhi,VIP,2025-10-21,5,78,15.6,2
U1516,26-35,Female,Bengaluru,Karnataka,Free,2025-12-15,4,148,37.0,2
U1517,26-35,Female,Mumbai,Maharashtra,Premium,2025-10-02,6,193,32.17,1
U1518,18-25,Male,Kochi,Kerala,Free,2026-01-27,8,259,32.38,4
U1519,26-35,Male,Bengaluru,Karnataka,VIP,2025-10-12,15,531,35.4,10
U1520,26-35,Male,Bengaluru,Karnataka,VIP,2025-08-21,9,283,31.44,5
U1521,18-25,Male,Kolkata,West Bengal,Free,2025-08-27,11,363,33.0,4
U1522,26-35,Female,Mumbai,Maharashtra,Premium,2025-08-02,4,204,51.0,2
U1523,26-35,Female,Delhi,Delhi,Free,2025-09-27,17,489,28.76,8
U1524,18-25,Male,Delhi,Delhi,VIP,2025-09-19,3,97,32.33,2
U1525,18-25,Female,Jaipur,Rajasthan,Free,2025-09-18,7,218,31.14,2
U1526,18-25,Female,Delhi,Delhi,VIP,2025-12-25,4,149,37.25,2
U1527,36-45,Female,Pune,Maharashtra,VIP,2025-09-02,11,291,26.45,5
U1528,18-25,Male,Delhi,Delhi,Premium,2025-10-14,4,224,56.0,3
U1529,46+,Male,Bengaluru,Karnataka,Free,2025-06-30,6,314,52.33,3
U1530,18-25,Female,Hyderabad,Telangana,Premium,2025-11-28,11,557,50.64,6
U1531,36-45,Female,Hyderabad,Telangana,VIP,2025-08-20,6,115,19.17,2
U1532,18-25,Male,Delhi,Delhi,VIP,2025-10-09,4,119,29.75,3
U1533,18-25,Female,Chennai,Tamil Nadu,Free,2025-10-03,6,109,18.17,1
U1534,26-35,Female,Hyderabad,Telangana,Premium,2025-10-21,4,159,39.75,4
U1535,18-25,Male,Delhi,Delhi,Premium,2025-11-06,7,222,31.71,4
U1536,18-25,Male,Mumbai,Maharashtra,Free,2025-12-26,26,885,34.04,10
U1537,18-25,Female,Hyderabad,Telangana,Free,2025-10-04,13,513,39.46,5
U1538,26-35,Female,Chennai,Tamil Nadu,Free,2025-06-08,22,678,30.82,11
U1539,36-45,Male,Mumbai,Maharashtra,Free,2025-08-13,1,26,26.0,0
U1540,18-25,Male,Kolkata,West Bengal,VIP,2025-10-19,14,570,40.71,4
U1541,26-35,Female,Delhi,Delhi,VIP,2025-09-02,10,503,50.3,5
U1542,26-35,Female,Pune,Maharashtra,Free,2025-07-26,8,228,28.5,2
U1543,46+,Male,Ahmedabad,Gujarat,VIP,2025-08-16,0,0,0.0,0
U1544,36-45,Male,Delhi,Delhi,Premium,2025-06-23,20,635,31.75,10
U1545,26-35,Other,Pune,Maharashtra,Free,2025-12-25,16,472,29.5,7
U1546,26-35,Female,Ahmedabad,Gujarat,VIP,2025-09-18,1,20,20.0,0
U1547,18-25,Male,Delhi,Delhi,Free,2025-06-16,2,62,31.0,0
U1548,26-35,Female,Hyderabad,Telangana,Free,2025-11-28,4,268,67.0,3
U1549,18-25,Female,Kochi,Kerala,VIP,2026-01-17,6,237,39.5,2
U1550,26-35,Male,Kochi,Kerala,VIP,2026-01-22,12,541,45.08,8
U1551,18-25,Male,Hyderabad,Telangana,VIP,2025-07-04,8,170,21.25,3
U1552,18-25,Female,Ahmedabad,Gujarat,VIP,2025-11-21,3,52,17.33,1
U1553,18-25,Male,Hyderabad,Telangana,VIP,2025-09-05,28,1387,49.54,10
U1554,26-35,Female,Jaipur,Rajasthan,Free,2025-10-10,27,1140,42.22,10
U1555,26-35,Female,Jaipur,Rajasthan,VIP,2025-10-03,5,127,25.4,1
U1556,18-25,Male,Pune,Maharashtra,VIP,2025-12-05,14,664,47.43,8
U1557,46+,Female,Kolkata,West Bengal,Premium,2025-12-21,5,190,38.0,3
U1558,26-35,Male,Bengaluru,Karnataka,Free,2025-08-08,22,551,25.05,5
U1559,18-25,Male,Chennai,Tamil Nadu,Free,2026-01-05,4,120,30.0,2
U1560,26-35,Male,Kolkata,West Bengal,Free,2025-06-26,30,985,32.83,13
U1561,26-35,Female,Mumbai,Maharashtra,Premium,2025-07-11,15,307,20.47,2
U1562,26-35,Male,Kochi,Kerala,Free,2025-11-24,14,427,30.5,5
U1563,46+,Female,Delhi,Delhi,Premium,2026-01-11,7,241,34.43,5
U1564,18-25,Female,Delhi,Delhi,Free,2026-01-18,3,42,14.0,0
U1565,26-35,Male,Hyderabad,Telangana,VIP,2025-12-11,7,144,20.57,2
U1566,18-25,Female,Kolkata,West Bengal,Free,2025-10-01,28,675,24.11,10
U1567,18-25,Female,Chennai,Tamil Nadu,Free,2025-06-03,5,253,50.6,3
U1568,26-35,Female,Patna,Bihar,Free,2025-07-04,5,352,70.4,3
U1569,26-35,Male,Mumbai,Maharashtra,Premium,2025-06-27,13,484,37.23,8
U1570,18-25,Female,Mumbai,Maharashtra,VIP,2025-12-10,21,1025,48.81,14
U1571,36-45,Female,Hyderabad,Telangana,Free,2025-10-23,13,418,32.15,6
U1572,18-25,Female,Bengaluru,Karnataka,VIP,2025-11-08,4,81,20.25,2
U1573,26-35,Female,Hyderabad,Telangana,Free,2025-07-26,5,111,22.2,2
U1574,18-25,Male,Kolkata,West Bengal,VIP,2025-09-07,11,236,21.45,3
U1575,18-25,Male,Pune,Maharashtra,Free,2025-11-13,3,218,72.67,3
U1576,18-25,Female,Hyderabad,Telangana,VIP,2025-12-17,7,270,38.57,3
U1577,46+,Male,Ahmedabad,Gujarat,Premium,2025-07-23,6,224,37.33,2
U1578,26-35,Male,Kolkata,West Bengal,Free,2025-06-14,4,141,35.25,3
U1579,36-45,Female,Delhi,Delhi,Free,2025-08-01,23,876,38.09,11
U1580,26-35,Female,Chennai,Tamil Nadu,Premium,2025-09-01,3,125,41.67,3
U1581,46+,Male,Ahmedabad,Gujarat,VIP,2025-09-02,18,815,45.28,9
U1582,26-35,Male,Bengaluru,Karnataka,Premium,2025-06-19,5,181,36.2,1
U1583,18-25,Male,Delhi,Delhi,Free,2025-06-16,15,585,39.0,6
U1584,46+,Male,Delhi,Delhi,VIP,2025-12-14,6,195,32.5,2
U1585,26-35,Female,Mumbai,Maharashtra,VIP,2025-11-05,6,126,21.0,1
U1586,18-25,Male,Mumbai,Maharashtra,Premium,2025-12-24,14,616,44.0,6
U1587,18-25,Male,Hyderabad,Telangana,VIP,2025-11-14,15,435,29.0,7
U1588,26-35,Male,Kolkata,West Bengal,VIP,2026-01-03,26,872,33.54,11
U1589,18-25,Male,Lucknow,Uttar Pradesh,Free,2025-11-04,12,491,40.92,6
U1590,26-35,Male,Kolkata,West Bengal,VIP,2025-07-01,6,174,29.0,3
U1591,18-25,Male,Mumbai,Maharashtra,VIP,2025-08-28,7,229,32.71,3
U1592,26-35,Female,Kolkata,West Bengal,Free,2025-07-03,8,186,23.25,2
U1593,26-35,Female,Kolkata,West Bengal,Free,2026-01-17,15,612,40.8,7
U1594,18-25,Female,Delhi,Delhi,Free,2025-11-30,28,803,28.68,13
U1595,46+,Female,Chennai,Tamil Nadu,VIP,2025-06-15,12,288,24.0,5
U1596,26-35,Female,Bengaluru,Karnataka,Free,2025-06-27,6,135,22.5,2
U1597,36-45,Female,Mumbai,Maharashtra,VIP,2025-06-01,30,878,29.27,10
U1598,18-25,Female,Delhi,Delhi,VIP,2025-09-07,9,391,43.44,5
U1599,46+,Male,Kochi,Kerala,Free,2025-12-23,3,108,36.0,2
U1600,46+,Female,Bengaluru,Karnataka,Free,2025-09-15,21,783,37.29,8
U1601,46+,Male,Ahmedabad,Gujarat,VIP,2025-07-01,4,97,24.25,1
U1602,26-35,Female,Mumbai,Maharashtra,Premium,2025-06-12,33,1470,44.55,21
U1603,46+,Male,Bengaluru,Karnataka,Free,2026-01-03,7,369,52.71,4
U1604,18-25,Male,Bengaluru,Karnataka,Free,2025-08-14,5,132,26.4,1
U1605,26-35,Male,Hyderabad,Telangana,VIP,2025-10-30,3,169,56.33,1
U1606,46+,Other,Pune,Maharashtra,VIP,2025-10-18,2,56,28.0,1
U1607,36-45,Male,Mumbai,Maharashtra,Free,2025-07-30,7,242,34.57,4
U1608,26-35,Female,Kolkata,West Bengal,Free,2025-08-25,6,136,22.67,2
U1609,18-25,Female,Ahmedabad,Gujarat,VIP,2025-06-27,10,349,34.9,5
U1610,18-25,Other,Bengaluru,Karnataka,Premium,2025-07-07,25,1087,43.48,16
U1611,26-35,Male,Lucknow,Uttar Pradesh,Premium,2025-10-12,5,233,46.6,2
U1612,26-35,Female,Bengaluru,Karnataka,VIP,2025-10-27,10,419,41.9,5
U1613,18-25,Male,Pune,Maharashtra,Free,2025-10-24,3,47,15.67,1
U1614,18-25,Female,Mumbai,Maharashtra,Free,2026-01-04,5,304,60.8,2
U1615,18-25,Female,Kolkata,West Bengal,VIP,2025-08-21,16,655,40.94,7
U1616,26-35,Male,Lucknow,Uttar Pradesh,Free,2025-12-15,4,218,54.5,2
U1617,26-35,Male,Mumbai,Maharashtra,VIP,2025-09-13,3,180,60.0,1
U1618,18-25,Male,Pune,Maharashtra,VIP,2025-09-27,6,189,31.5,3
U1619,18-25,Male,Mumbai,Maharashtra,VIP,2025-12-29,2,42,21.0,1
U1620,26-35,Female,Delhi,Delhi,Premium,2025-07-08,20,736,36.8,9
U1621,18-25,Male,Bengaluru,Karnataka,VIP,2025-11-21,32,1232,38.5,15
U1622,18-25,Female,Mumbai,Maharashtra,Premium,2026-01-05,6,219,36.5,3
U1623,26-35,Female,Delhi,Delhi,VIP,2025-12-23,14,358,25.57,5
U1624,36-45,Male,Mumbai,Maharashtra,VIP,2025-07-27,3,69,23.0,2
U1625,18-25,Female,Bengaluru,Karnataka,VIP,2025-11-13,9,385,42.78,7
U1626,18-25,Female,Lucknow,Uttar Pradesh,Free,2025-06-17,4,162,40.5,4
U1627,18-25,Female,Pune,Maharashtra,Free,2026-01-03,13,558,42.92,5
U1628,36-45,Male,Mumbai,Maharashtra,VIP,2025-07-14,15,551,36.73,7
U1629,46+,Male,Kolkata,West Bengal,VIP,2025-09-06,5,284,56.8,3
U1630,26-35,Male,Delhi,Delhi,Free,2025-08-11,4,151,37.75,0
U1631,26-35,Male,Hyderabad,Telangana,VIP,2025-11-13,5,88,17.6,3
U1632,18-25,Male,Chennai,Tamil Nadu,Free,2025-08-11,25,919,36.76,12
U1633,18-25,Male,Hyderabad,Telangana,VIP,2025-08-03,20,1007,50.35,10
U1634,26-35,Female,Pune,Maharashtra,Premium,2025-12-18,6,206,34.33,4
U1635,26-35,Male,Pune,Maharashtra,Free,2025-10-23,2,53,26.5,0
U1636,26-35,Male,Mumbai,Maharashtra,Free,2025-07-27,9,226,25.11,6
U1637,18-25,Female,Delhi,Delhi,Premium,2025-09-29,13,631,48.54,10
U1638,26-35,Female,Patna,Bihar,Premium,2025-06-26,11,587,53.36,6
U1639,18-25,Male,Chennai,Tamil Nadu,VIP,2025-12-06,6,332,55.33,4
U1640,18-25,Other,Delhi,Delhi,Premium,2025-12-22,8,359,44.88,6
U1641,18-25,Female,Patna,Bihar,Free,2025-07-31,10,428,42.8,7
U1642,26-35,Female,Kolkata,West Bengal,Premium,2025-06-08,19,905,47.63,8
U1643,26-35,Male,Chennai,Tamil Nadu,Free,2025-07-19,10,413,41.3,4
U1644,36-45,Female,Kochi,Kerala,VIP,2025-07-15,11,406,36.91,6
U1645,26-35,Male,Delhi,Delhi,Free,2025-10-13,4,103,25.75,2
U1646,26-35,Male,Hyderabad,Telangana,Premium,2025-08-27,7,512,73.14,6
U1647,26-35,Female,Ahmedabad,Gujarat,Free,2025-06-06,14,403,28.79,4
U1648,18-25,Female,Mumbai,Maharashtra,Free,2025-10-13,3,65,21.67,0
U1649,36-45,Female,Bengaluru,Karnataka,Premium,2025-09-10,10,278,27.8,3
U1650,26-35,Male,Delhi,Delhi,Premium,2025-12-05,9,226,25.11,4
U1651,46+,Female,Kochi,Kerala,VIP,2025-07-15,9,338,37.56,3
U1652,26-35,Female,Jaipur,Rajasthan,VIP,2025-08-31,16,504,31.5,8
U1653,18-25,Female,Mumbai,Maharashtra,Free,2025-11-24,12,448,37.33,4
U1654,18-25,Male,Mumbai,Maharashtra,VIP,2025-10-25,22,648,29.45,11
U1655,18-25,Other,Kochi,Kerala,Free,2025-11-02,9,371,41.22,4
U1656,18-25,Female,Hyderabad,Telangana,VIP,2025-06-27,5,176,35.2,3
U1657,46+,Male,Kolkata,West Bengal,Free,2025-08-21,2,135,67.5,2
U1658,18-25,Female,Mumbai,Maharashtra,VIP,2025-11-11,4,120,30.0,2
U1659,26-35,Male,Mumbai,Maharashtra,Free,2025-11-25,6,92,15.33,1
U1660,18-25,Male,Mumbai,Maharashtra,Free,2025-09-07,11,438,39.82,7
U1661,26-35,Male,Mumbai,Maharashtra,Free,2026-01-12,4,108,27.0,2
U1662,18-25,Female,Mumbai,Maharashtra,VIP,2026-01-08,15,481,32.07,6
U1663,26-35,Female,Delhi,Delhi,VIP,2025-12-22,10,309,30.9,4
U1664,36-45,Male,Delhi,Delhi,Premium,2025-06-19,15,788,52.53,9
U1665,18-25,Female,Mumbai,Maharashtra,Free,2026-01-16,6,165,27.5,0
U1666,46+,Male,Patna,Bihar,Premium,2025-11-28,4,103,25.75,2
U1667,18-25,Female,Mumbai,Maharashtra,Premium,2025-07-11,1,9,9.0,0
U1668,18-25,Male,Kochi,Kerala,Free,2025-10-20,4,135,33.75,1
U1669,26-35,Female,Delhi,Delhi,Free,2025-07-31,12,374,31.17,3
U1670,18-25,Male,Chennai,Tamil Nadu,VIP,2025-06-14,4,146,36.5,1
U1671,18-25,Male,Delhi,Delhi,VIP,2025-11-01,31,1466,47.29,17
U1672,26-35,Male,Delhi,Delhi,VIP,2025-06-21,22,1000,45.45,12
U1673,26-35,Male,Pune,Maharashtra,VIP,2026-01-16,20,694,34.7,11
U1674,26-35,Male,Chennai,Tamil Nadu,Free,2026-01-13,9,266,29.56,3
U1675,18-25,Male,Mumbai,Maharashtra,Free,2025-08-07,11,537,48.82,7
U1676,18-25,Male,Mumbai,Maharashtra,VIP,2025-11-18,22,627,28.5,10
U1677,18-25,Female,Pune,Maharashtra,Free,2025-12-11,6,162,27.0,2
U1678,26-35,Female,Ahmedabad,Gujarat,Premium,2025-09-16,29,1282,44.21,18
U1679,46+,Female,Lucknow,Uttar Pradesh,VIP,2025-07-31,25,875,35.0,13
U1680,26-35,Male,Jaipur,Rajasthan,VIP,2025-10-07,16,528,33.0,7
U1681,26-35,Male,Chennai,Tamil Nadu,Premium,2025-07-08,10,307,30.7,2
U1682,18-25,Female,Mumbai,Maharashtra,Premium,2025-07-25,3,154,51.33,2
U1683,36-45,Male,Bengaluru,Karnataka,Premium,2025-09-20,4,306,76.5,4
U1684,18-25,Female,Mumbai,Maharashtra,VIP,2025-08-21,7,312,44.57,6
U1685,46+,Female,Mumbai,Maharashtra,Free,2025-09-10,3,136,45.33,1
U1686,26-35,Female,Chennai,Tamil Nadu,Premium,2025-06-04,7,345,49.29,2
U1687,36-45,Female,Chennai,Tamil Nadu,Free,2025-09-15,6,234,39.0,3
U1688,18-25,Female,Hyderabad,Telangana,Premium,2025-06-26,7,232,33.14,4
U1689,46+,Female,Mumbai,Maharashtra,Free,2025-10-16,10,252,25.2,4
U1690,36-45,Female,Delhi,Delhi,VIP,2025-10-25,9,224,24.89,3
U1691,26-35,Male,Delhi,Delhi,Free,2025-11-03,6,189,31.5,2
U1692,26-35,Male,Bengaluru,Karnataka,Premium,2025-11-24,3,67,22.33,2
U1693,18-25,Female,Lucknow,Uttar Pradesh,Premium,2025-06-06,9,275,30.56,5
U1694,18-25,Female,Delhi,Delhi,Premium,2026-01-06,28,910,32.5,10
U1695,26-35,Male,Ahmedabad,Gujarat,Free,2025-12-08,3,195,65.0,2
U1696,26-35,Female,Delhi,Delhi,Free,2025-11-13,4,53,13.25,0
U1697,18-25,Male,Lucknow,Uttar Pradesh,Free,2025-10-03,7,183,26.14,4
U1698,36-45,Female,Ahmedabad,Gujarat,VIP,2025-07-11,10,506,50.6,5
U1699,18-25,Female,Bengaluru,Karnataka,VIP,2025-10-13,21,923,43.95,12
U1700,36-45,Male,Delhi,Delhi,Premium,2026-01-01,19,966,50.84,16
U1701,18-25,Male,Mumbai,Maharashtra,Free,2025-07-21,34,1208,35.53,10
U1702,18-25,Female,Chennai,Tamil Nadu,VIP,2025-07-02,14,1089,77.79,9
U1703,26-35,Male,Chennai,Tamil Nadu,Free,2026-01-09,3,103,34.33,2
U1704,26-35,Female,Bengaluru,Karnataka,Premium,2025-08-06,6,74,12.33,1
U1705,26-35,Female,Delhi,Delhi,Free,2025-07-12,11,362,32.91,3
U1706,36-45,Female,Delhi,Delhi,Free,2025-07-28,15,458,30.53,6
U1707,26-35,Male,Bengaluru,Karnataka,Free,2025-12-17,4,132,33.0,1
U1708,46+,Female,Bengaluru,Karnataka,Free,2025-07-15,4,272,68.0,3
U1709,26-35,Male,Delhi,Delhi,Premium,2025-08-18,4,96,24.0,1
U1710,26-35,Female,Delhi,Delhi,Premium,2026-01-05,24,835,34.79,10
U1711,18-25,Male,Bengaluru,Karnataka,VIP,2025-12-29,29,993,34.24,12
U1712,26-35,Female,Mumbai,Maharashtra,Premium,2026-01-02,11,462,42.0,8
U1713,36-45,Female,Hyderabad,Telangana,Free,2025-11-23,8,304,38.0,3
U1714,18-25,Male,Patna,Bihar,VIP,2026-01-07,5,153,30.6,1
U1715,18-25,Female,Kochi,Kerala,VIP,2025-07-19,13,366,28.15,4
U1716,18-25,Female,Jaipur,Rajasthan,Premium,2025-12-23,3,66,22.0,1
U1717,36-45,Male,Delhi,Delhi,Free,2025-06-07,12,325,27.08,3
U1718,26-35,Other,Delhi,Delhi,Free,2025-09-08,1,3,3.0,0
U1719,26-35,Female,Patna,Bihar,Premium,2025-08-27,16,532,33.25,5
U1720,26-35,Male,Chennai,Tamil Nadu,VIP,2026-01-19,6,352,58.67,5
U1721,46+,Male,Delhi,Delhi,Free,2025-11-16,6,206,34.33,1
U1722,36-45,Male,Mumbai,Maharashtra,Free,2025-08-06,8,333,41.63,2
U1723,26-35,Female,Lucknow,Uttar Pradesh,Premium,2026-01-17,8,161,20.13,2
U1724,18-25,Male,Bengaluru,Karnataka,VIP,2025-08-18,26,859,33.04,13
U1725,26-35,Female,Bengaluru,Karnataka,VIP,2025-09-27,33,1218,36.91,16
U1726,36-45,Male,Ahmedabad,Gujarat,VIP,2025-11-06,16,519,32.44,6
U1727,18-25,Female,Chennai,Tamil Nadu,Premium,2025-09-06,3,97,32.33,1
U1728,26-35,Male,Jaipur,Rajasthan,Free,2025-07-22,9,505,56.11,5
U1729,18-25,Other,Jaipur,Rajasthan,Premium,2025-07-07,7,221,31.57,3
U1730,18-25,Female,Pune,Maharashtra,VIP,2025-11-09,6,198,33.0,4
U1731,46+,Male,Mumbai,Maharashtra,VIP,2025-07-24,2,31,15.5,0
U1732,36-45,Male,Pune,Maharashtra,VIP,2025-12-13,7,392,56.0,5
U1733,36-45,Male,Bengaluru,Karnataka,Free,2025-09-18,4,102,25.5,2
U1734,46+,Male,Mumbai,Maharashtra,Free,2025-09-04,5,68,13.6,1
U1735,46+,Female,Kolkata,West Bengal,VIP,2025-06-05,1,77,77.0,0
U1736,26-35,Female,Delhi,Delhi,VIP,2025-08-28,5,273,54.6,2
U1737,18-25,Male,Chennai,Tamil Nadu,Free,2025-06-17,6,271,45.17,1
U1738,36-45,Male,Delhi,Delhi,VIP,2025-10-31,6,218,36.33,2
U1739,26-35,Male,Kolkata,West Bengal,Free,2026-01-17,3,113,37.67,2
U1740,26-35,Female,Mumbai,Maharashtra,Premium,2025-12-25,5,306,61.2,4
U1741,26-35,Male,Kolkata,West Bengal,Free,2025-12-05,5,207,41.4,1
U1742,18-25,Male,Mumbai,Maharashtra,VIP,2025-12-20,17,528,31.06,4
U1743,18-25,Female,Delhi,Delhi,VIP,2025-06-13,22,957,43.5,12
U1744,26-35,Male,Mumbai,Maharashtra,Premium,2025-06-13,29,1444,49.79,18
U1745,26-35,Male,Bengaluru,Karnataka,VIP,2025-09-30,4,282,70.5,2
U1746,26-35,Male,Kolkata,West Bengal,Free,2025-09-16,8,316,39.5,3
U1747,26-35,Female,Delhi,Delhi,VIP,2025-07-06,4,248,62.0,3
U1748,26-35,Female,Chennai,Tamil Nadu,VIP,2025-08-12,13,459,35.31,4
U1749,18-25,Male,Delhi,Delhi,Free,2025-08-07,6,200,33.33,1
U1750,36-45,Female,Bengaluru,Karnataka,Free,2025-07-12,5,162,32.4,3
